breusch_pagan_stat,breusch_pagan_pvalue,durbin_watson,residual_mean,residual_std,shapiro_pvalue
16.334244886173494,5.309573628236265e-05,0.10619343899009101,2.9163527363629185,4.132248453471839,4.76968895996737e-07
