model,mae,rmse,r2
lightgbm,2.3207094292225654,2.7028020762602503,-0.012099069630180814
random_forest,2.402320955698545,2.824422823485007,-0.12149303514998804
